순번,구역,밸브명,도면번호,요구상태,요청사항,작업책임자,연락처,개방일시,투입일시
1,축열조,ODHV-053 축열조 상부,,CLOSE,,박성관,,2026-09-29 09:00,2026-10-16 18:00
2,축열조,HV-301,,CLOSE,,박성관,,2026-09-29 09:00,2026-10-16 18:00
3,축열조,HV-302,,CLOSE,,박성관,,2026-09-29 09:00,2026-10-16 18:00
4,축열조,HV-304,,CLOSE,,박성관,,2026-09-29 09:00,2026-10-16 18:00
5,축열조,ODHV-052 축열조 하부,,CLOSE,폐수이송후CLOSE,박성관,,2026-09-29 09:00,2026-10-16 18:00
6,축열조,HV-303,,CLOSE,폐수이송후CLOSE / DCS상 밸브명 상이,박성관,,2026-09-29 09:00,2026-10-16 18:00
7,축열조,ODHV-200,,CLOSE,옥외,박성관,,2026-09-29 09:00,2026-10-16 18:00
8,축열조,ODHV-180,2M-PI-131-001,CLOSE,DH RETURN 하부위치,박성관,,2026-09-29 09:00,2026-10-16 18:00
9,DH PUMP#1,SUCTION DRAIN,,CLOSE,,박성관,,2026-09-29 09:00,2026-10-16 18:00
10,DH PUMP#1,PUMP#1 상부 VENT,,OPEN,,박성관,,2026-09-29 09:00,2026-10-16 18:00
11,DH PUMP#2,PUMP#1 SUCTION DRAIN,,CLOSE,,박성관,,2026-09-29 09:00,2026-10-16 18:00
12,DH PUMP#2,PUMP#2 상부 VENT,,OPEN,,박성관,,2026-09-29 09:00,2026-10-16 18:00
13,DH PUMP#3,PUMP#2 SUCTION DRAIN,,CLOSE,,박성관,,2026-09-29 09:00,2026-10-16 18:00
14,DH PUMP#3,PUMP#3 상부 VENT,,OPEN,,박성관,,2026-09-29 09:00,2026-10-16 18:00
15,DH PUMP#4,PUMP#3 SUCTION DRAIN,,CLOSE,,박성관,,2026-09-29 09:00,2026-10-16 18:00
16,DH PUMP#4,PUMP#4 상부 VENT,,OPEN,,박성관,,2026-09-29 09:00,2026-10-16 18:00
17,DH PUMP#4,PUMP#4 SUCTION DRAIN,,OPEN,,박성관,,2026-09-29 09:00,2026-10-16 18:00
18,DH동지하,리턴헤더 드레인,,OPEN,PUMP드레인후 시행,박성관,,2026-09-29 09:00,2026-10-16 18:00
19,DH동지하,공급헤더 드레인,,OPEN,PUMP드레인후 시행,박성관,,2026-09-29 09:00,2026-10-16 18:00
20,DH동지하,ODHV-101 HVAC 공급,,CLOSE,,박성관,,2026-09-29 09:00,2026-10-16 18:00
21,DH동지하,ODHV-101A HVAC 공급,,CLOSE,,박성관,,2026-09-29 09:00,2026-10-16 18:00
22,DH동지하,ODHV-102 HVAC 회수,,CLOSE,,박성관,,2026-09-29 09:00,2026-10-16 18:00
23,DH동지하,ODHV-102B HVAC 회수,,CLOSE,,박성관,,2026-09-29 09:00,2026-10-16 18:00
24,판교강남연계동,(25 BAR) VF-5029C,,CLOSE,,박성관,,2026-09-29 09:00,2026-10-16 18:00
25,판교강남연계동,(25 BAR) VF-5030C,,CLOSE,,박성관,,2026-09-29 09:00,2026-10-16 18:00
26,판교강남연계동,(25 BAR) VF-5031C,,CLOSE,,박성관,,2026-09-29 09:00,2026-10-16 18:00
27,판교강남연계동,(25 BAR) VF-5032C,,CLOSE,,박성관,,2026-09-29 09:00,2026-10-16 18:00
28,판교강남연계동,(25 BAR) VF-5017C,,CLOSE,,박성관,,2026-09-29 09:00,2026-10-16 18:00
29,판교강남연계동,(16BAR) VF-5001C,,CLOSE,,박성관,,2026-09-29 09:00,2026-10-16 18:00
30,판교강남연계동,(16BAR) VF-5002C,,CLOSE,,박성관,,2026-09-29 09:00,2026-10-16 18:00
31,판교강남연계동,(16BAR) VF-5033C,,CLOSE,,박성관,,2026-09-29 09:00,2026-10-16 18:00
32,판교강남연계동,(16BAR) VF-5034C,,CLOSE,,박성관,,2026-09-29 09:00,2026-10-16 18:00
33,연수펌프,연수펌프 출구(신규),,CLOSE,기계부협의후진행,박성관,,2026-09-29 09:00,2026-10-16 18:00
34,연수펌프,연수 및 축열조연결,,OPEN,기계부협의후진행,박성관,,2026-09-29 09:00,2026-10-16 18:00
35,연수펌프,드레인 밸브,,CLOSE,기계부협의후진행,박성관,,2026-09-29 09:00,2026-10-16 18:00
36,연수펌프,축열조 펌프 #5 드레인,,OPEN,기계부협의후진행,박성관,,2026-09-29 09:00,2026-10-16 18:00
37,축열조열교환기,ODHV-170,2M-PI-133-001,CLOSE,,박성관,,2026-09-29 09:00,2026-10-16 18:00
38,축열조열교환기,ODHV-171,2M-PI-133-001,CLOSE,,박성관,,2026-09-29 09:00,2026-10-16 18:00
39,축열조열교환기,ODHV-172,2M-PI-133-001,CLOSE,,박성관,,2026-09-29 09:00,2026-10-16 18:00
40,축열조열교환기,ODHV-173,2M-PI-133-001,CLOSE,,박성관,,2026-09-29 09:00,2026-10-16 18:00
41,축열조열교환기,HV-277,2M-PI-133-001,CLOSE,,박성관,,2026-09-29 09:00,2026-10-16 18:00
42,축열조열교환기,HV-271,2M-PI-133-001,CLOSE,,박성관,,2026-09-29 09:00,2026-10-16 18:00
43,축열조열교환기,HV-287,2M-PI-133-001,CLOSE,,박성관,,2026-09-29 09:00,2026-10-16 18:00
44,축열조열교환기,HV-281,2M-PI-133-001,CLOSE,,박성관,,2026-09-29 09:00,2026-10-16 18:00
45,축열조열교환기,ODHV-170A,2M-PI-133-001,CLOSE,,박성관,,2026-09-29 09:00,2026-10-16 18:00
46,축열조열교환기,ODHV-171A,2M-PI-133-001,CLOSE,,박성관,,2026-09-29 09:00,2026-10-16 18:00
47,축열조열교환기,ODHV-172A,2M-PI-133-001,CLOSE,,박성관,,2026-09-29 09:00,2026-10-16 18:00
48,축열조열교환기,ODHV-173A,2M-PI-133-001,CLOSE,,박성관,,2026-09-29 09:00,2026-10-16 18:00
49,축열조열교환기,HV-277A,2M-PI-133-001,CLOSE,,박성관,,2026-09-29 09:00,2026-10-16 18:00
50,축열조열교환기,HV-271A,2M-PI-133-001,CLOSE,,박성관,,2026-09-29 09:00,2026-10-16 18:00
51,축열조열교환기,HV-287A,2M-PI-133-001,CLOSE,,박성관,,2026-09-29 09:00,2026-10-16 18:00
52,축열조열교환기,HV-281A,2M-PI-133-001,CLOSE,,박성관,,2026-09-29 09:00,2026-10-16 18:00
53,축열조열교환기,ODHV-174,2M-PI-133-001,CLOSE,,박성관,,2026-09-29 09:00,2026-10-16 18:00
54,축열조열교환기,ODHV-176,2M-PI-133-001,CLOSE,,박성관,,2026-09-29 09:00,2026-10-16 18:00
55,축열조열교환기,HV-276,2M-PI-133-001,CLOSE,,박성관,,2026-09-29 09:00,2026-10-16 18:00
56,보일러#1,GV-7105(PLB #1 RETURN),,CLOSE,,박성관,,2026-09-29 09:00,2026-10-16 18:00
57,보일러#1,GV-7107(PLB #1 SUPPLY),,CLOSE,,박성관,,2026-09-29 09:00,2026-10-16 18:00
58,보일러#1,BA-3255(DRAIN),,OPEN,,박성관,,2026-09-29 09:00,2026-10-16 18:00
59,보일러#1,BA-3256(DRAIN),,OPEN,,박성관,,2026-09-29 09:00,2026-10-16 18:00
60,보일러#1,BA-3257(DRAIN),,OPEN,,박성관,,2026-09-29 09:00,2026-10-16 18:00
61,보일러#1,BA-3258(DRAIN),,OPEN,,박성관,,2026-09-29 09:00,2026-10-16 18:00
62,보일러#2,GV-7106(PLB #2 RETURN),,CLOSE,,박성관,,2026-09-29 09:00,2026-10-16 18:00
63,보일러#2,GV-7108(PLB #2 SUPPLY),,CLOSE,,박성관,,2026-09-29 09:00,2026-10-16 18:00
64,보일러#2,BA-3738(DRAIN),,OPEN,,박성관,,2026-09-29 09:00,2026-10-16 18:00
65,보일러#2,BA-3737(DRAIN),,OPEN,,박성관,,2026-09-29 09:00,2026-10-16 18:00
66,보일러#2,BA-3740(DRAIN),,OPEN,,박성관,,2026-09-29 09:00,2026-10-16 18:00
67,보일러#2,BA-3739(DRAIN),,OPEN,,박성관,,2026-09-29 09:00,2026-10-16 18:00
68,보일러#3,GV-3100(PLB #3 RETURN),,CLOSE,,박성관,,2026-09-29 09:00,2026-10-16 18:00
69,보일러#3,GV-3102(PLB #3 SUPPLY),,CLOSE,,박성관,,2026-09-29 09:00,2026-10-16 18:00
70,보일러#3,BA-3371(DRAIN),,OPEN,,박성관,,2026-09-29 09:00,2026-10-16 18:00
71,보일러#3,BA-3370(DRAIN),,OPEN,,박성관,,2026-09-29 09:00,2026-10-16 18:00
72,보일러#3,BA-3369(DRAIN),,OPEN,,박성관,,2026-09-29 09:00,2026-10-16 18:00
73,보일러#3,BA-3368(DRAIN),,OPEN,,박성관,,2026-09-29 09:00,2026-10-16 18:00
74,보일러#3,BA-3367(DRAIN),,OPEN,,박성관,,2026-09-29 09:00,2026-10-16 18:00
75,보일러#3,BA-3366(DRAIN),,OPEN,,박성관,,2026-09-29 09:00,2026-10-16 18:00
76,보일러#3,BA-3365(DRAIN),,OPEN,,박성관,,2026-09-29 09:00,2026-10-16 18:00
77,보일러#3,BA-3364(DRAIN),,OPEN,,박성관,,2026-09-29 09:00,2026-10-16 18:00
78,보일러#3,BA-3363(DRAIN),,OPEN,,박성관,,2026-09-29 09:00,2026-10-16 18:00
79,보일러#3,BA-3362(DRAIN),,OPEN,,박성관,,2026-09-29 09:00,2026-10-16 18:00
80,보일러#4,GV-3101(PLB #4 RETURN),,CLOSE,,박성관,,2026-09-29 09:00,2026-10-16 18:00
81,보일러#4,GV-3103(PLB #4 SUPPLY),,CLOSE,,박성관,,2026-09-29 09:00,2026-10-16 18:00
82,보일러#4,BA-3471(DRAIN),,OPEN,,박성관,,2026-09-29 09:00,2026-10-16 18:00
83,보일러#4,BA-3470(DRAIN),,OPEN,,박성관,,2026-09-29 09:00,2026-10-16 18:00
84,보일러#4,BA-3469(DRAIN),,OPEN,,박성관,,2026-09-29 09:00,2026-10-16 18:00
85,보일러#4,BA-3468(DRAIN),,OPEN,,박성관,,2026-09-29 09:00,2026-10-16 18:00
86,보일러#4,BA-3467(DRAIN),,OPEN,,박성관,,2026-09-29 09:00,2026-10-16 18:00
87,보일러#4,BA-3466(DRAIN),,OPEN,,박성관,,2026-09-29 09:00,2026-10-16 18:00
88,보일러#4,BA-3465(DRAIN),,OPEN,,박성관,,2026-09-29 09:00,2026-10-16 18:00
89,보일러#4,BA-3464(DRAIN),,OPEN,,박성관,,2026-09-29 09:00,2026-10-16 18:00
90,보일러#4,BA-3463(DRAIN),,OPEN,,박성관,,2026-09-29 09:00,2026-10-16 18:00
91,보일러#4,BA-3462(DRAIN),,OPEN,,박성관,,2026-09-29 09:00,2026-10-16 18:00
92,보일러#5,GV-3201(PLB #5 RETURN),,CLOSE,,박성관,,2026-09-29 09:00,2026-10-16 18:00
93,보일러#5,GV-3203(PLB #5 SUPPLY),,CLOSE,,박성관,,2026-09-29 09:00,2026-10-16 18:00
94,보일러#5,BA-3571(DRAIN),,OPEN,,박성관,,2026-09-29 09:00,2026-10-16 18:00
95,보일러#5,BA-3570(DRAIN),,OPEN,,박성관,,2026-09-29 09:00,2026-10-16 18:00
96,보일러#5,BA-3569(DRAIN),,OPEN,,박성관,,2026-09-29 09:00,2026-10-16 18:00
97,보일러#5,BA-3568(DRAIN),,OPEN,,박성관,,2026-09-29 09:00,2026-10-16 18:00
98,보일러#5,BA-3567(DRAIN),,OPEN,,박성관,,2026-09-29 09:00,2026-10-16 18:00
99,보일러#5,BA-3566(DRAIN),,OPEN,,박성관,,2026-09-29 09:00,2026-10-16 18:00
100,보일러#5,BA-3565(DRAIN),,OPEN,,박성관,,2026-09-29 09:00,2026-10-16 18:00
101,보일러#5,BA-3564(DRAIN),,OPEN,,박성관,,2026-09-29 09:00,2026-10-16 18:00
102,보일러#5,BA-3563(DRAIN),,OPEN,,박성관,,2026-09-29 09:00,2026-10-16 18:00
103,보일러#5,BA-3562(DRAIN),,OPEN,,박성관,,2026-09-29 09:00,2026-10-16 18:00
